user_id,date,step_count,points,step_count_cumulative,points_cumulative,rank
6630e7c2cac295000171851e,2025-05-02,14578,17078,14578,17078,16.0
6630e7c2cac295000171851e,2025-05-03,17884,20384,32462,37462,11.0
6630e7c2cac295000171851e,2025-05-04,11231,13731,43693,51193,12.0
6630e7c2cac295000171851e,2025-05-05,10402,12902,54095,64095,11.0
6630e7c2cac295000171851e,2025-05-07,20268,22768,74363,86863,14.0
6630e7c2cac295000171851e,2025-05-08,3703,3703,78066,90566,14.0
6630e7c2cac295000171851e,2025-05-09,10877,13377,88943,103943,14.0
6630e7c2cac295000171851e,2025-05-10,18378,20878,107321,124821,14.0
6630e7c2cac295000171851e,2025-05-11,10476,12976,117797,137797,12.0
6630e7c2cac295000171851e,2025-05-12,13661,16161,131458,153958,13.0
6630e7c2cac295000171851e,2025-05-13,23905,26405,155363,180363,8.0
6630e7c2cac295000171851e,2025-05-14,29664,32164,185027,212527,6.0
6630e7c2cac295000171851e,2025-05-15,19765,22265,204792,234792,5.0
6630e7c2cac295000171851e,2025-05-16,10428,12928,215220,247720,6.0
6630e7c2cac295000171851e,2025-05-17,18996,21496,234216,269216,6.0
6630e7c2cac295000171851e,2025-05-18,18608,21108,252824,290324,6.0
6630e7c2cac295000171851e,2025-05-19,16687,19187,269511,309511,6.0
6630e7c2cac295000171851e,2025-05-20,19109,21609,288620,331120,5.0
6630e7c2cac295000171851e,2025-05-21,24755,27255,313375,358375,4.0
6630e7c2cac295000171851e,2025-05-22,12860,15360,326235,373735,4.0
6630e7c2cac295000171851e,2025-05-23,22225,24725,348460,398460,4.0
6630e7c2cac295000171851e,2025-05-24,19328,21828,367788,420288,4.0
6630e7c2cac295000171851e,2025-05-25,19583,22083,387371,442371,4.0
6630e7c2cac295000171851e,2025-05-26,16238,18738,403609,461109,4.0
6630e7c2cac295000171851e,2025-05-27,17647,20147,421256,481256,4.0
6630e7c2cac295000171851e,2025-05-28,11737,14237,432993,495493,4.0
6630e7c2cac295000171851e,2025-05-29,18242,20742,451235,516235,4.0
6630e7c2cac295000171851e,2025-05-30,15802,18302,467037,534537,4.0
6630e7c2cac295000171851e,2025-05-31,15040,17540,482077,552077,4.0
6630e84dcac2950001718560,2025-05-01,16821,19321,16821,19321,9.0
6630e84dcac2950001718560,2025-05-02,12937,15437,29758,34758,7.0
6630e84dcac2950001718560,2025-05-04,14093,16593,43851,51351,11.0
6630e84dcac2950001718560,2025-05-05,12565,15065,56416,66416,8.0
6630e84dcac2950001718560,2025-05-06,10304,12804,66720,79220,12.0
6630e84dcac2950001718560,2025-05-07,10146,12646,76866,91866,11.0
6630e84dcac2950001718560,2025-05-09,6868,6868,83734,98734,15.0
6630e84dcac2950001718560,2025-05-10,24977,27477,108711,126211,13.0
6630e84dcac2950001718560,2025-05-11,6254,6254,114965,132465,13.0
6630e84dcac2950001718560,2025-05-12,9112,9112,124077,141577,14.0
6630e84dcac2950001718560,2025-05-13,5155,5155,129232,146732,15.0
6630e84dcac2950001718560,2025-05-15,23325,25825,152557,172557,14.0
6630e84dcac2950001718560,2025-05-16,8371,8371,160928,180928,13.0
6630e84dcac2950001718560,2025-05-17,15195,17695,176123,198623,15.0
6630e84dcac2950001718560,2025-05-18,6056,6056,182179,204679,18.0
6630e84dcac2950001718560,2025-05-19,6216,6216,188395,210895,17.0
6630e84dcac2950001718560,2025-05-20,20415,22915,208810,233810,13.0
6630e84dcac2950001718560,2025-05-21,7588,7588,216398,241398,15.0
6630e84dcac2950001718560,2025-05-22,13423,15923,229821,257321,13.0
6630e84dcac2950001718560,2025-05-23,4614,4614,234435,261935,15.0
6630e84dcac2950001718560,2025-05-24,8951,8951,243386,270886,16.0
6630e84dcac2950001718560,2025-05-25,7861,7861,251247,278747,15.0
6630e84dcac2950001718560,2025-05-26,6670,6670,257917,285417,13.0
6630e84dcac2950001718560,2025-05-27,7746,7746,265663,293163,17.0
6630e84dcac2950001718560,2025-05-28,11855,14355,277518,307518,16.0
6630e84dcac2950001718560,2025-05-29,11744,14244,289262,321762,17.0
6630e84dcac2950001718560,2025-05-30,7275,7275,296537,329037,15.0
6630e84dcac2950001718560,2025-05-31,14594,17094,311131,346131,15.0
6630e85ecac295000171856a,2025-05-01,10624,13124,10624,13124,14.0
6630e85ecac295000171856a,2025-05-02,10988,13488,21612,26612,13.0
6630e85ecac295000171856a,2025-05-03,14816,17316,36428,43928,9.0
6630e85ecac295000171856a,2025-05-04,5862,5862,42290,49790,13.0
6630e85ecac295000171856a,2025-05-05,13061,15561,55351,65351,10.0
6630e85ecac295000171856a,2025-05-06,16017,18517,71368,83868,8.0
6630e85ecac295000171856a,2025-05-07,10704,13204,82072,97072,9.0
6630e85ecac295000171856a,2025-05-08,10240,12740,92312,109812,9.0
6630e85ecac295000171856a,2025-05-09,10888,13388,103200,123200,9.0
6630e85ecac295000171856a,2025-05-10,17736,20236,120936,143436,8.0
6630e85ecac295000171856a,2025-05-11,12179,14679,133115,158115,6.0
6630e85ecac295000171856a,2025-05-12,12896,15396,146011,173511,7.0
6630e85ecac295000171856a,2025-05-13,12751,15251,158762,188762,7.0
6630e85ecac295000171856a,2025-05-14,12930,15430,171692,204192,8.0
6630e85ecac295000171856a,2025-05-15,12039,14539,183731,218731,7.0
6630e85ecac295000171856a,2025-05-16,10545,13045,194276,231776,7.0
6630e85ecac295000171856a,2025-05-17,16060,18560,210336,250336,7.0
6630e85ecac295000171856a,2025-05-18,22312,24812,232648,275148,7.0
6630e85ecac295000171856a,2025-05-19,11567,14067,244215,289215,7.0
6630e85ecac295000171856a,2025-05-20,11150,13650,255365,302865,6.0
6630e85ecac295000171856a,2025-05-21,3617,3617,258982,306482,8.0
6630e85ecac295000171856a,2025-05-22,16879,19379,275861,325861,8.0
6630e85ecac295000171856a,2025-05-23,6363,6363,282224,332224,8.0
6630e85ecac295000171856a,2025-05-24,7470,7470,289694,339694,8.0
6630e85ecac295000171856a,2025-05-25,15145,17645,304839,357339,8.0
6630e85ecac295000171856a,2025-05-26,4012,4012,308851,361351,7.0
6630e85ecac295000171856a,2025-05-27,7742,7742,316593,369093,8.0
6630e85ecac295000171856a,2025-05-28,5741,5741,322334,374834,8.0
6630e85ecac295000171856a,2025-05-29,13236,15736,335570,390570,8.0
6630e85ecac295000171856a,2025-05-30,10222,12722,345792,403292,8.0
6630e85ecac295000171856a,2025-05-31,6159,6159,351951,409451,8.0
6630e9d5cac295000171861e,2025-05-01,18963,21463,18963,21463,5.0
6630e9d5cac295000171861e,2025-05-02,21917,24417,40880,45880,3.0
6630e9d5cac295000171861e,2025-05-03,24034,26534,64914,72414,2.0
6630e9d5cac295000171861e,2025-05-04,10229,12729,75143,85143,3.0
6630e9d5cac295000171861e,2025-05-05,18888,21388,94031,106531,3.0
6630e9d5cac295000171861e,2025-05-06,18862,21362,112893,127893,3.0
6630e9d5cac295000171861e,2025-05-07,12867,15367,125760,143260,3.0
6630e9d5cac295000171861e,2025-05-08,21146,23646,146906,166906,3.0
6630e9d5cac295000171861e,2025-05-09,14766,17266,161672,184172,3.0
6630e9d5cac295000171861e,2025-05-10,33118,35618,194790,219790,3.0
6630e9d5cac295000171861e,2025-05-11,28414,30914,223204,250704,2.0
6630e9d5cac295000171861e,2025-05-12,14890,17390,238094,268094,2.0
6630e9d5cac295000171861e,2025-05-13,19915,22415,258009,290509,2.0
6630e9d5cac295000171861e,2025-05-14,11141,13641,269150,304150,2.0
6630e9d5cac295000171861e,2025-05-15,14721,17221,283871,321371,2.0
6630e9d5cac295000171861e,2025-05-16,12870,15370,296741,336741,3.0
6630e9d5cac295000171861e,2025-05-17,27625,30125,324366,366866,3.0
6630e9d5cac295000171861e,2025-05-18,30186,32686,354552,399552,3.0
6630e9d5cac295000171861e,2025-05-19,10044,12544,364596,412096,3.0
6630e9d5cac295000171861e,2025-05-20,13369,15869,377965,427965,3.0
6630e9d5cac295000171861e,2025-05-21,18822,21322,396787,449287,3.0
6630e9d5cac295000171861e,2025-05-22,12049,14549,408836,463836,3.0
6630e9d5cac295000171861e,2025-05-23,18195,20695,427031,484531,3.0
6630e9d5cac295000171861e,2025-05-24,10819,13319,437850,497850,3.0
6630e9d5cac295000171861e,2025-05-25,11503,14003,449353,511853,3.0
6630e9d5cac295000171861e,2025-05-26,19026,21526,468379,533379,3.0
6630e9d5cac295000171861e,2025-05-27,10024,12524,478403,545903,3.0
6630e9d5cac295000171861e,2025-05-28,12267,14767,490670,560670,3.0
6630e9d5cac295000171861e,2025-05-29,19115,21615,509785,582285,3.0
6630e9d5cac295000171861e,2025-05-30,10709,13209,520494,595494,3.0
6630e9d5cac295000171861e,2025-05-31,16610,19110,537104,614604,3.0
6630f1cccac2950001718a1b,2025-05-01,19697,22197,19697,22197,3.0
6630f1cccac2950001718a1b,2025-05-02,7064,7064,26761,29261,10.0
6630f1cccac2950001718a1b,2025-05-03,16688,19188,43449,48449,7.0
6630f1cccac2950001718a1b,2025-05-04,15553,18053,59002,66502,7.0
6630f1cccac2950001718a1b,2025-05-05,11066,13566,70068,80068,6.0
6630f1cccac2950001718a1b,2025-05-06,3114,3114,73182,83182,9.0
6630f1cccac2950001718a1b,2025-05-07,7775,7775,80957,90957,12.0
6630f1cccac2950001718a1b,2025-05-09,3890,3890,84847,94847,16.0
6630f1cccac2950001718a1b,2025-05-10,10543,13043,95390,107890,18.0
6630f1cccac2950001718a1b,2025-05-11,6802,6802,102192,114692,15.0
6630f1cccac2950001718a1b,2025-05-12,9259,9259,111451,123951,17.0
6630f1cccac2950001718a1b,2025-05-13,18393,20893,129844,144844,16.0
6630f1cccac2950001718a1b,2025-05-14,13208,15708,143052,160552,12.0
6630f1cccac2950001718a1b,2025-05-15,7397,7397,150449,167949,16.0
6630f1cccac2950001718a1b,2025-05-16,13828,16328,164277,184277,12.0
6630f1cccac2950001718a1b,2025-05-17,14393,16893,178670,201170,14.0
6630f1cccac2950001718a1b,2025-05-18,20850,23350,199520,224520,12.0
6630f1cccac2950001718a1b,2025-05-20,5447,5447,204967,229967,16.0
6630f1cccac2950001718a1b,2025-05-21,12158,14658,217125,244625,13.0
6630f1cccac2950001718a1b,2025-05-22,5531,5531,222656,250156,16.0
6630f1cccac2950001718a1b,2025-05-23,15423,17923,238079,268079,14.0
6630f1cccac2950001718a1b,2025-05-24,14533,17033,252612,285112,13.0
6630f1cccac2950001718a1b,2025-05-25,22004,24504,274616,309616,12.0
6630f1cccac2950001718a1b,2025-05-26,18689,21189,293305,330805,8.0
6630f1cccac2950001718a1b,2025-05-27,19625,22125,312930,352930,9.0
6630f1cccac2950001718a1b,2025-05-28,17510,20010,330440,372940,9.0
6630f1cccac2950001718a1b,2025-05-29,6555,6555,336995,379495,10.0
6630f336cac2950001718af8,2025-05-01,2509,2509,2509,2509,17.0
6630f336cac2950001718af8,2025-05-02,8860,8860,11369,11369,20.0
6630f336cac2950001718af8,2025-05-03,10062,12562,21431,23931,16.0
6630f336cac2950001718af8,2025-05-04,12389,14889,33820,38820,17.0
6630f336cac2950001718af8,2025-05-05,11801,14301,45621,53121,18.0
6630f336cac2950001718af8,2025-05-06,24416,26916,70037,80037,11.0
6630f336cac2950001718af8,2025-05-07,27775,30275,97812,110312,6.0
6630f336cac2950001718af8,2025-05-08,17600,20100,115412,130412,6.0
6630f336cac2950001718af8,2025-05-09,23268,25768,138680,156180,4.0
6630f336cac2950001718af8,2025-05-10,19167,21667,157847,177847,4.0
6630f336cac2950001718af8,2025-05-11,25350,27850,183197,205697,4.0
6630f336cac2950001718af8,2025-05-12,5600,5600,188797,211297,5.0
6630f336cac2950001718af8,2025-05-13,4964,4964,193761,216261,5.0
6630f336cac2950001718af8,2025-05-14,24999,27499,218760,243760,4.0
6630f336cac2950001718af8,2025-05-16,19869,22369,238629,266129,5.0
6630f336cac2950001718af8,2025-05-17,22076,24576,260705,290705,5.0
6630f336cac2950001718af8,2025-05-18,24985,27485,285690,318190,4.0
6630f336cac2950001718af8,2025-05-19,3219,3219,288909,321409,5.0
6630f336cac2950001718af8,2025-05-21,9021,9021,297930,330430,6.0
6630f336cac2950001718af8,2025-05-22,36174,38674,334104,369104,5.0
6630f336cac2950001718af8,2025-05-23,6042,6042,340146,375146,5.0
6630f336cac2950001718af8,2025-05-24,16797,19297,356943,394443,5.0
6630f336cac2950001718af8,2025-05-25,17806,20306,374749,414749,5.0
6630f336cac2950001718af8,2025-05-26,5191,5191,379940,419940,5.0
6630f336cac2950001718af8,2025-05-27,7337,7337,387277,427277,5.0
6630f336cac2950001718af8,2025-05-28,13111,15611,400388,442888,5.0
6630f336cac2950001718af8,2025-05-29,2981,2981,403369,445869,5.0
6630f336cac2950001718af8,2025-05-30,13085,15585,416454,461454,5.0
6630f336cac2950001718af8,2025-05-31,20105,22605,436559,484059,5.0
6630f399cac2950001718b2b,2025-05-01,10980,13480,10980,13480,13.0
6630f399cac2950001718b2b,2025-05-02,11709,14209,22689,27689,11.0
6630f399cac2950001718b2b,2025-05-03,17932,20432,40621,48121,8.0
6630f399cac2950001718b2b,2025-05-04,8989,8989,49610,57110,8.0
6630f399cac2950001718b2b,2025-05-05,4327,4327,53937,61437,13.0
6630f399cac2950001718b2b,2025-05-06,5864,5864,59801,67301,15.0
6630f399cac2950001718b2b,2025-05-07,5897,5897,65698,73198,19.0
6630f399cac2950001718b2b,2025-05-08,11607,14107,77305,87305,17.0
6630f399cac2950001718b2b,2025-05-09,6479,6479,83784,93784,17.0
6630f399cac2950001718b2b,2025-05-10,15558,18058,99342,111842,17.0
6630f399cac2950001718b2b,2025-05-11,7309,7309,106651,119151,14.0
6630f399cac2950001718b2b,2025-05-13,2938,2938,109589,122089,19.0
6630f399cac2950001718b2b,2025-05-14,10916,13416,120505,135505,15.0
6630f399cac2950001718b2b,2025-05-15,10868,13368,131373,148873,18.0
6630f399cac2950001718b2b,2025-05-16,4860,4860,136233,153733,16.0
6630f399cac2950001718b2b,2025-05-17,10734,13234,146967,166967,19.0
6630f399cac2950001718b2b,2025-05-18,14676,17176,161643,184143,19.0
6630f399cac2950001718b2b,2025-05-19,5683,5683,167326,189826,18.0
6630f399cac2950001718b2b,2025-05-20,10421,12921,177747,202747,17.0
6630f399cac2950001718b2b,2025-05-21,581,581,178328,203328,17.0
6630f399cac2950001718b2b,2025-05-24,10732,13232,189060,216560,19.0
6630f399cac2950001718b2b,2025-05-25,7237,7237,196297,223797,17.0
6630f399cac2950001718b2b,2025-05-26,7133,7133,203430,230930,14.0
6630f399cac2950001718b2b,2025-05-27,8066,8066,211496,238996,19.0
6630f399cac2950001718b2b,2025-05-28,8078,8078,219574,247074,19.0
6630f399cac2950001718b2b,2025-05-29,12003,14503,231577,261577,19.0
6630f399cac2950001718b2b,2025-05-30,9174,9174,240751,270751,17.0
6630f399cac2950001718b2b,2025-05-31,10546,13046,251297,283797,18.0
6630f3d8cac2950001718b45,2025-05-01,18649,21149,18649,21149,6.0
6630f3d8cac2950001718b45,2025-05-02,18473,20973,37122,42122,4.0
6630f3d8cac2950001718b45,2025-05-03,9326,9326,46448,51448,6.0
6630f3d8cac2950001718b45,2025-05-04,14280,16780,60728,68228,6.0
6630f3d8cac2950001718b45,2025-05-05,13594,16094,74322,84322,5.0
6630f3d8cac2950001718b45,2025-05-06,14403,16903,88725,101225,5.0
6630f3d8cac2950001718b45,2025-05-07,13972,16472,102697,117697,5.0
6630f3d8cac2950001718b45,2025-05-08,12227,14727,114924,132424,5.0
6630f3d8cac2950001718b45,2025-05-09,20197,22697,135121,155121,6.0
6630f3d8cac2950001718b45,2025-05-10,17592,20092,152713,175213,6.0
6630f3d8cac2950001718b45,2025-05-11,17323,19823,170036,195036,5.0
6630f3d8cac2950001718b45,2025-05-12,14478,16978,184514,212014,4.0
6630f3d8cac2950001718b45,2025-05-13,11453,13953,195967,225967,4.0
6630f3d8cac2950001718b45,2025-05-14,11853,14353,207820,240320,5.0
6630f3d8cac2950001718b45,2025-05-15,10679,13179,218499,253499,4.0
6630f3d8cac2950001718b45,2025-05-16,20690,23190,239189,276689,4.0
6630f3d8cac2950001718b45,2025-05-17,15213,17713,254402,294402,4.0
6630f3d8cac2950001718b45,2025-05-18,15309,17809,269711,312211,5.0
6630f3d8cac2950001718b45,2025-05-19,10032,12532,279743,324743,4.0
6630f3d8cac2950001718b45,2025-05-20,21869,24369,301612,349112,4.0
6630f3d8cac2950001718b45,2025-05-21,540,540,302152,349652,5.0
6630f3d8cac2950001718b45,2025-05-22,4717,4717,306869,354369,6.0
6630f3d8cac2950001718b45,2025-05-23,498,498,307367,354867,6.0
6630f3d8cac2950001718b45,2025-05-24,10067,12567,317434,367434,6.0
6630f3d8cac2950001718b45,2025-05-25,18675,21175,336109,388609,6.0
6630f3d8cac2950001718b45,2025-05-26,10232,12732,346341,401341,6.0
6630f3d8cac2950001718b45,2025-05-27,9335,9335,355676,410676,6.0
6630f3d8cac2950001718b45,2025-05-28,6385,6385,362061,417061,6.0
6630f3d8cac2950001718b45,2025-05-29,5363,5363,367424,422424,6.0
6630f3d8cac2950001718b45,2025-05-30,10770,13270,378194,435694,6.0
6630f3d8cac2950001718b45,2025-05-31,6186,6186,384380,441880,6.0
66311817cac29500017198a6,2025-05-02,10098,12598,10098,12598,19.0
66311817cac29500017198a6,2025-05-03,15041,17541,25139,30139,13.0
66311817cac29500017198a6,2025-05-04,14525,17025,39664,47164,15.0
66311817cac29500017198a6,2025-05-05,10523,13023,50187,60187,15.0
66311817cac29500017198a6,2025-05-07,10682,13182,60869,73369,18.0
66311817cac29500017198a6,2025-05-08,12725,15225,73594,88594,15.0
66311817cac29500017198a6,2025-05-09,14318,16818,87912,105412,13.0
66311817cac29500017198a6,2025-05-10,15641,18141,103553,123553,16.0
66311817cac29500017198a6,2025-05-12,5998,5998,109551,129551,16.0
66311817cac29500017198a6,2025-05-13,11516,14016,121067,143567,17.0
66311817cac29500017198a6,2025-05-14,10858,13358,131925,156925,13.0
66311817cac29500017198a6,2025-05-15,12819,15319,144744,172244,15.0
66311817cac29500017198a6,2025-05-17,16007,18507,160751,190751,18.0
66311817cac29500017198a6,2025-05-18,12907,15407,173658,206158,17.0
66311817cac29500017198a6,2025-05-19,11041,13541,184699,219699,15.0
66311817cac29500017198a6,2025-05-20,11238,13738,195937,233437,14.0
66311817cac29500017198a6,2025-05-22,11696,14196,207633,247633,17.0
66311817cac29500017198a6,2025-05-23,10710,13210,218343,260843,16.0
66311817cac29500017198a6,2025-05-24,18213,20713,236556,281556,15.0
66311817cac29500017198a6,2025-05-25,18437,20937,254993,302493,13.0
66311817cac29500017198a6,2025-05-27,10187,12687,265180,315180,15.0
66311817cac29500017198a6,2025-05-28,7513,7513,272693,322693,15.0
66311817cac29500017198a6,2025-05-29,11625,14125,284318,336818,15.0
66311817cac29500017198a6,2025-05-30,12161,14661,296479,351479,13.0
66311817cac29500017198a6,2025-05-31,16031,18531,312510,370010,13.0
66312fe1cac2950001719e65,2025-05-01,20384,22884,20384,22884,2.0
66312fe1cac2950001719e65,2025-05-02,9856,9856,30240,32740,9.0
66312fe1cac2950001719e65,2025-05-04,17358,19858,47598,52598,10.0
66312fe1cac2950001719e65,2025-05-05,16712,19212,64310,71810,7.0
66312fe1cac2950001719e65,2025-05-06,14585,17085,78895,88895,6.0
66312fe1cac2950001719e65,2025-05-07,8022,8022,86917,96917,10.0
66312fe1cac2950001719e65,2025-05-08,12422,14922,99339,111839,8.0
66312fe1cac2950001719e65,2025-05-09,11400,13900,110739,125739,8.0
66312fe1cac2950001719e65,2025-05-10,15378,17878,126117,143617,7.0
66312fe1cac2950001719e65,2025-05-11,9093,9093,135210,152710,7.0
66312fe1cac2950001719e65,2025-05-12,11803,14303,147013,167013,8.0
66312fe1cac2950001719e65,2025-05-13,8435,8435,155448,175448,11.0
66312fe1cac2950001719e65,2025-05-15,12594,15094,168042,190542,10.0
66312fe1cac2950001719e65,2025-05-16,4064,4064,172106,194606,10.0
66312fe1cac2950001719e65,2025-05-17,10594,13094,182700,207700,12.0
66312fe1cac2950001719e65,2025-05-18,10990,13490,193690,221190,13.0
66312fe1cac2950001719e65,2025-05-19,4541,4541,198231,225731,14.0
66312fe1cac2950001719e65,2025-05-20,11247,13747,209478,239478,11.0
66312fe1cac2950001719e65,2025-05-21,9352,9352,218830,248830,12.0
66312fe1cac2950001719e65,2025-05-22,7759,7759,226589,256589,14.0
66312fe1cac2950001719e65,2025-05-23,10286,12786,236875,269375,13.0
66312fe1cac2950001719e65,2025-05-24,11939,14439,248814,283814,14.0
66312fe1cac2950001719e65,2025-05-26,4442,4442,253256,288256,12.0
66312fe1cac2950001719e65,2025-05-27,6631,6631,259887,294887,16.0
66312fe1cac2950001719e65,2025-05-28,8624,8624,268511,303511,17.0
66312fe1cac2950001719e65,2025-05-29,17640,20140,286151,323651,16.0
66312fe1cac2950001719e65,2025-05-30,9959,9959,296110,333610,14.0
66312fe1cac2950001719e65,2025-05-31,2106,2106,298216,335716,16.0
6631303ccac2950001719e80,2025-05-01,38982,41482,38982,41482,1.0
6631303ccac2950001719e80,2025-05-02,30738,33238,69720,74720,1.0
6631303ccac2950001719e80,2025-05-03,35918,38418,105638,113138,1.0
6631303ccac2950001719e80,2025-05-04,32524,35024,138162,148162,1.0
6631303ccac2950001719e80,2025-05-05,31795,34295,169957,182457,1.0
6631303ccac2950001719e80,2025-05-06,29175,31675,199132,214132,1.0
6631303ccac2950001719e80,2025-05-07,33409,35909,232541,250041,1.0
6631303ccac2950001719e80,2025-05-08,30128,32628,262669,282669,1.0
6631303ccac2950001719e80,2025-05-09,30571,33071,293240,315740,1.0
6631303ccac2950001719e80,2025-05-10,32113,34613,325353,350353,1.0
6631303ccac2950001719e80,2025-05-11,35343,37843,360696,388196,1.0
6631303ccac2950001719e80,2025-05-12,30539,33039,391235,421235,1.0
6631303ccac2950001719e80,2025-05-13,37556,40056,428791,461291,1.0
6631303ccac2950001719e80,2025-05-14,36362,38862,465153,500153,1.0
6631303ccac2950001719e80,2025-05-15,33648,36148,498801,536301,1.0
6631303ccac2950001719e80,2025-05-16,27807,30307,526608,566608,1.0
6631303ccac2950001719e80,2025-05-17,23541,26041,550149,592649,1.0
6631303ccac2950001719e80,2025-05-18,40946,43446,591095,636095,1.0
6631303ccac2950001719e80,2025-05-19,34146,36646,625241,672741,1.0
6631303ccac2950001719e80,2025-05-20,30614,33114,655855,705855,1.0
6631303ccac2950001719e80,2025-05-21,30712,33212,686567,739067,1.0
6631303ccac2950001719e80,2025-05-22,23515,26015,710082,765082,1.0
6631303ccac2950001719e80,2025-05-23,37879,40379,747961,805461,1.0
6631303ccac2950001719e80,2025-05-24,38075,40575,786036,846036,1.0
6631303ccac2950001719e80,2025-05-25,33745,36245,819781,882281,1.0
6631303ccac2950001719e80,2025-05-26,27843,30343,847624,912624,1.0
6631303ccac2950001719e80,2025-05-27,23057,25557,870681,938181,1.0
6631303ccac2950001719e80,2025-05-28,19769,22269,890450,960450,1.0
6631303ccac2950001719e80,2025-05-29,17641,20141,908091,980591,1.0
6631303ccac2950001719e80,2025-05-30,16960,19460,925051,1000051,1.0
6631303ccac2950001719e80,2025-05-31,10023,12523,935074,1012574,1.0
66313cb9cac295000171a1c0,2025-05-01,18087,20587,18087,20587,7.0
66313cb9cac295000171a1c0,2025-05-02,14729,17229,32816,37816,5.0
66313cb9cac295000171a1c0,2025-05-03,16271,18771,49087,56587,4.0
66313cb9cac295000171a1c0,2025-05-04,14871,17371,63958,73958,4.0
66313cb9cac295000171a1c0,2025-05-05,13655,16155,77613,90113,4.0
66313cb9cac295000171a1c0,2025-05-06,12698,15198,90311,105311,4.0
66313cb9cac295000171a1c0,2025-05-07,11444,13944,101755,119255,4.0
66313cb9cac295000171a1c0,2025-05-08,14155,16655,115910,135910,4.0
66313cb9cac295000171a1c0,2025-05-09,17101,19601,133011,155511,5.0
66313cb9cac295000171a1c0,2025-05-10,18155,20655,151166,176166,5.0
66313cb9cac295000171a1c0,2025-05-12,10744,13244,161910,189410,6.0
66313cb9cac295000171a1c0,2025-05-13,13371,15871,175281,205281,6.0
66313cb9cac295000171a1c0,2025-05-14,1548,1548,176829,206829,7.0
66313cb9cac295000171a1c0,2025-05-15,12639,15139,189468,221968,6.0
66313cb9cac295000171a1c0,2025-05-17,14607,17107,204075,239075,9.0
66313cb9cac295000171a1c0,2025-05-18,11085,13585,215160,252660,9.0
66313cb9cac295000171a1c0,2025-05-19,11382,13882,226542,266542,9.0
66313cb9cac295000171a1c0,2025-05-20,11779,14279,238321,280821,8.0
66313cb9cac295000171a1c0,2025-05-22,11483,13983,249804,294804,9.0
66313cb9cac295000171a1c0,2025-05-23,11566,14066,261370,308870,9.0
66313cb9cac295000171a1c0,2025-05-24,11385,13885,272755,322755,10.0
66313cb9cac295000171a1c0,2025-05-25,11810,14310,284565,337065,9.0
66313cb9cac295000171a1c0,2025-05-27,11798,14298,296363,351363,10.0
66313cb9cac295000171a1c0,2025-05-28,13547,16047,309910,367410,10.0
66313cb9cac295000171a1c0,2025-05-29,11685,14185,321595,381595,9.0
66313cb9cac295000171a1c0,2025-05-30,11186,13686,332781,395281,9.0
66313cb9cac295000171a1c0,2025-05-31,6976,6976,339757,402257,9.0
663147d8cac295000171a59b,2025-05-01,15947,18447,15947,18447,11.0
663147d8cac295000171a59b,2025-05-02,11947,14447,27894,32894,8.0
663147d8cac295000171a59b,2025-05-04,21527,24027,49421,56921,9.0
663147d8cac295000171a59b,2025-05-05,9037,9037,58458,65958,9.0
663147d8cac295000171a59b,2025-05-06,12440,14940,70898,80898,10.0
663147d8cac295000171a59b,2025-05-07,14514,17014,85412,97912,8.0
663147d8cac295000171a59b,2025-05-08,5649,5649,91061,103561,12.0
663147d8cac295000171a59b,2025-05-09,3432,3432,94493,106993,12.0
663147d8cac295000171a59b,2025-05-10,22011,24511,116504,131504,10.0
663147d8cac295000171a59b,2025-05-11,12532,15032,129036,146536,10.0
663147d8cac295000171a59b,2025-05-12,10124,12624,139160,159160,12.0
663147d8cac295000171a59b,2025-05-13,9727,9727,148887,168887,13.0
663147d8cac295000171a59b,2025-05-15,4121,4121,153008,173008,13.0
663147d8cac295000171a59b,2025-05-16,7896,7896,160904,180904,14.0
663147d8cac295000171a59b,2025-05-17,19926,22426,180830,203330,13.0
663147d8cac295000171a59b,2025-05-18,14121,16621,194951,219951,14.0
663147d8cac295000171a59b,2025-05-19,7514,7514,202465,227465,12.0
663147d8cac295000171a59b,2025-05-20,5752,5752,208217,233217,15.0
663147d8cac295000171a59b,2025-05-21,9224,9224,217441,242441,14.0
663147d8cac295000171a59b,2025-05-22,10667,13167,228108,255608,15.0
663147d8cac295000171a59b,2025-05-23,5044,5044,233152,260652,17.0
663147d8cac295000171a59b,2025-05-24,7065,7065,240217,267717,17.0
663147d8cac295000171a59b,2025-05-25,28266,30766,268483,298483,14.0
663147d8cac295000171a59b,2025-05-26,8425,8425,276908,306908,11.0
663147d8cac295000171a59b,2025-05-27,16705,19205,293613,326113,14.0
663147d8cac295000171a59b,2025-05-28,7273,7273,300886,333386,14.0
663147d8cac295000171a59b,2025-05-29,5575,5575,306461,338961,14.0
663147d8cac295000171a59b,2025-05-30,16188,18688,322649,357649,12.0
663147d8cac295000171a59b,2025-05-31,15473,17973,338122,375622,12.0
663164d7cac295000171abd3,2025-05-01,12318,14818,12318,14818,12.0
663164d7cac295000171abd3,2025-05-02,4119,4119,16437,18937,15.0
663164d7cac295000171abd3,2025-05-03,4869,4869,21306,23806,17.0
663164d7cac295000171abd3,2025-05-04,10649,13149,31955,36955,18.0
663164d7cac295000171abd3,2025-05-05,6539,6539,38494,43494,19.0
663164d7cac295000171abd3,2025-05-07,8300,8300,46794,51794,20.0
663164d7cac295000171abd3,2025-05-08,8412,8412,55206,60206,18.0
663164d7cac295000171abd3,2025-05-09,11302,13802,66508,74008,18.0
663164d7cac295000171abd3,2025-05-10,5829,5829,72337,79837,20.0
663164d7cac295000171abd3,2025-05-11,4408,4408,76745,84245,17.0
663164d7cac295000171abd3,2025-05-12,8495,8495,85240,92740,19.0
663164d7cac295000171abd3,2025-05-13,6766,6766,92006,99506,20.0
663164d7cac295000171abd3,2025-05-14,5381,5381,97387,104887,16.0
663164d7cac295000171abd3,2025-05-15,14253,16753,111640,121640,19.0
663164d7cac295000171abd3,2025-05-16,3641,3641,115281,125281,17.0
663164d7cac295000171abd3,2025-05-17,10279,12779,125560,138060,20.0
663164d7cac295000171abd3,2025-05-18,2480,2480,128040,140540,20.0
663164d7cac295000171abd3,2025-05-19,3881,3881,131921,144421,19.0
663164d7cac295000171abd3,2025-05-20,12490,14990,144411,159411,18.0
663164d7cac295000171abd3,2025-05-21,2171,2171,146582,161582,18.0
663164d7cac295000171abd3,2025-05-22,7186,7186,153768,168768,19.0
663164d7cac295000171abd3,2025-05-23,6512,6512,160280,175280,19.0
663164d7cac295000171abd3,2025-05-24,1946,1946,162226,177226,20.0
663164d7cac295000171abd3,2025-05-26,10552,13052,172778,190278,15.0
663164d7cac295000171abd3,2025-05-27,8041,8041,180819,198319,20.0
663164d7cac295000171abd3,2025-05-28,5999,5999,186818,204318,20.0
663164d7cac295000171abd3,2025-05-29,8139,8139,194957,212457,20.0
663164d7cac295000171abd3,2025-05-30,2836,2836,197793,215293,18.0
663164d7cac295000171abd3,2025-05-31,6758,6758,204551,222051,19.0
68121fd9d2ed54640e597df2,2025-05-01,17068,19568,17068,19568,8.0
68121fd9d2ed54640e597df2,2025-05-02,7362,7362,24430,26930,12.0
68121fd9d2ed54640e597df2,2025-05-03,9298,9298,33728,36228,12.0
68121fd9d2ed54640e597df2,2025-05-05,18393,20893,52121,57121,17.0
68121fd9d2ed54640e597df2,2025-05-06,10683,13183,62804,70304,14.0
68121fd9d2ed54640e597df2,2025-05-07,17019,19519,79823,89823,13.0
68121fd9d2ed54640e597df2,2025-05-08,13070,15570,92893,105393,11.0
68121fd9d2ed54640e597df2,2025-05-10,20956,23456,113849,128849,12.0
68121fd9d2ed54640e597df2,2025-05-11,17984,20484,131833,149333,8.0
68121fd9d2ed54640e597df2,2025-05-12,10099,12599,141932,161932,10.0
68121fd9d2ed54640e597df2,2025-05-13,8017,8017,149949,169949,12.0
68121fd9d2ed54640e597df2,2025-05-15,12037,14537,161986,184486,11.0
68121fd9d2ed54640e597df2,2025-05-16,7132,7132,169118,191618,11.0
68121fd9d2ed54640e597df2,2025-05-17,14698,17198,183816,208816,11.0
68121fd9d2ed54640e597df2,2025-05-18,17644,20144,201460,228960,11.0
68121fd9d2ed54640e597df2,2025-05-19,8388,8388,209848,237348,11.0
68121fd9d2ed54640e597df2,2025-05-20,11197,13697,221045,251045,10.0
68121fd9d2ed54640e597df2,2025-05-21,16151,18651,237196,269696,10.0
68121fd9d2ed54640e597df2,2025-05-22,10596,13096,247792,282792,11.0
68121fd9d2ed54640e597df2,2025-05-23,12368,14868,260160,297660,10.0
68121fd9d2ed54640e597df2,2025-05-24,8582,8582,268742,306242,11.0
68121fd9d2ed54640e597df2,2025-05-26,10022,12522,278764,318764,10.0
68121fd9d2ed54640e597df2,2025-05-27,8602,8602,287366,327366,13.0
68121fd9d2ed54640e597df2,2025-05-28,10729,13229,298095,340595,13.0
68121fd9d2ed54640e597df2,2025-05-29,7734,7734,305829,348329,13.0
68121fd9d2ed54640e597df2,2025-05-31,13575,16075,319404,364404,14.0
68122b71d26a18787159829d,2025-05-02,10914,13414,10914,13414,18.0
68122b71d26a18787159829d,2025-05-03,12286,14786,23200,28200,14.0
68122b71d26a18787159829d,2025-05-04,18429,20929,41629,49129,14.0
68122b71d26a18787159829d,2025-05-05,10183,12683,51812,61812,12.0
68122b71d26a18787159829d,2025-05-07,10074,12574,61886,74386,17.0
68122b71d26a18787159829d,2025-05-08,15905,18405,77791,92791,13.0
68122b71d26a18787159829d,2025-05-09,14170,16670,91961,109461,11.0
68122b71d26a18787159829d,2025-05-10,12152,14652,104113,124113,15.0
68122b71d26a18787159829d,2025-05-12,10737,13237,114850,137350,15.0
68122b71d26a18787159829d,2025-05-13,10676,13176,125526,150526,14.0
68122b71d26a18787159829d,2025-05-14,10971,13471,136497,163997,11.0
68122b71d26a18787159829d,2025-05-15,15813,18313,152310,182310,12.0
68122b71d26a18787159829d,2025-05-17,10872,13372,163182,195682,16.0
68122b71d26a18787159829d,2025-05-18,15739,18239,178921,213921,15.0
68122b71d26a18787159829d,2025-05-19,10607,13107,189528,227028,13.0
68122b71d26a18787159829d,2025-05-20,9571,9571,199099,236599,12.0
68122b71d26a18787159829d,2025-05-21,11049,13549,210148,250148,11.0
68122b71d26a18787159829d,2025-05-22,13615,16115,223763,266263,12.0
68122b71d26a18787159829d,2025-05-23,14885,17385,238648,283648,12.0
68122b71d26a18787159829d,2025-05-24,10932,13432,249580,297080,12.0
68122b71d26a18787159829d,2025-05-25,11416,13916,260996,310996,11.0
68122b71d26a18787159829d,2025-05-26,11348,13848,272344,324844,9.0
68122b71d26a18787159829d,2025-05-27,11044,13544,283388,338388,12.0
68122b71d26a18787159829d,2025-05-28,11595,14095,294983,352483,12.0
68122b71d26a18787159829d,2025-05-29,10071,12571,305054,365054,12.0
68122b71d26a18787159829d,2025-05-30,10414,12914,315468,377968,10.0
68122b71d26a18787159829d,2025-05-31,16136,18636,331604,396604,11.0
68122d4dd26a187871598427,2025-05-01,19232,21732,19232,21732,4.0
68122d4dd26a187871598427,2025-05-02,22764,25264,41996,46996,2.0
68122d4dd26a187871598427,2025-05-03,19941,22441,61937,69437,3.0
68122d4dd26a187871598427,2025-05-04,20416,22916,82353,92353,2.0
68122d4dd26a187871598427,2025-05-05,18526,21026,100879,113379,2.0
68122d4dd26a187871598427,2025-05-06,23208,25708,124087,139087,2.0
68122d4dd26a187871598427,2025-05-07,19276,21776,143363,160863,2.0
68122d4dd26a187871598427,2025-05-08,22468,24968,165831,185831,2.0
68122d4dd26a187871598427,2025-05-09,18615,21115,184446,206946,2.0
68122d4dd26a187871598427,2025-05-10,17145,19645,201591,226591,2.0
68122d4dd26a187871598427,2025-05-11,15967,18467,217558,245058,3.0
68122d4dd26a187871598427,2025-05-12,16768,19268,234326,264326,3.0
68122d4dd26a187871598427,2025-05-13,20044,22544,254370,286870,3.0
68122d4dd26a187871598427,2025-05-14,14080,16580,268450,303450,3.0
68122d4dd26a187871598427,2025-05-15,12410,14910,280860,318360,3.0
68122d4dd26a187871598427,2025-05-16,20056,22556,300916,340916,2.0
68122d4dd26a187871598427,2025-05-17,23995,26495,324911,367411,2.0
68122d4dd26a187871598427,2025-05-18,30422,32922,355333,400333,2.0
68122d4dd26a187871598427,2025-05-19,10701,13201,366034,413534,2.0
68122d4dd26a187871598427,2025-05-20,22270,24770,388304,438304,2.0
68122d4dd26a187871598427,2025-05-21,26281,28781,414585,467085,2.0
68122d4dd26a187871598427,2025-05-22,23631,26131,438216,493216,2.0
68122d4dd26a187871598427,2025-05-23,10243,12743,448459,505959,2.0
68122d4dd26a187871598427,2025-05-24,27794,30294,476253,536253,2.0
68122d4dd26a187871598427,2025-05-25,14887,17387,491140,553640,2.0
68122d4dd26a187871598427,2025-05-26,15962,18462,507102,572102,2.0
68122d4dd26a187871598427,2025-05-27,13756,16256,520858,588358,2.0
68122d4dd26a187871598427,2025-05-28,10189,12689,531047,601047,2.0
68122d4dd26a187871598427,2025-05-29,15238,17738,546285,618785,2.0
68122d4dd26a187871598427,2025-05-30,25404,27904,571689,646689,2.0
68122d4dd26a187871598427,2025-05-31,20432,22932,592121,669621,2.0
68122ed83ede7b96a2f177ae,2025-05-01,16345,18845,16345,18845,10.0
68122ed83ede7b96a2f177ae,2025-05-02,15068,17568,31413,36413,6.0
68122ed83ede7b96a2f177ae,2025-05-03,16396,18896,47809,55309,5.0
68122ed83ede7b96a2f177ae,2025-05-04,12002,14502,59811,69811,5.0
68122ed83ede7b96a2f177ae,2025-05-06,15325,17825,75136,87636,7.0
68122ed83ede7b96a2f177ae,2025-05-07,12630,15130,87766,102766,7.0
68122ed83ede7b96a2f177ae,2025-05-08,12888,15388,100654,118154,7.0
68122ed83ede7b96a2f177ae,2025-05-09,10830,13330,111484,131484,7.0
68122ed83ede7b96a2f177ae,2025-05-10,9777,9777,121261,141261,9.0
68122ed83ede7b96a2f177ae,2025-05-11,6240,6240,127501,147501,9.0
68122ed83ede7b96a2f177ae,2025-05-12,13542,16042,141043,163543,9.0
68122ed83ede7b96a2f177ae,2025-05-13,12943,15443,153986,178986,9.0
68122ed83ede7b96a2f177ae,2025-05-14,12654,15154,166640,194140,9.0
68122ed83ede7b96a2f177ae,2025-05-15,15511,18011,182151,212151,8.0
68122ed83ede7b96a2f177ae,2025-05-16,11466,13966,193617,226117,8.0
68122ed83ede7b96a2f177ae,2025-05-17,19056,21556,212673,247673,8.0
68122ed83ede7b96a2f177ae,2025-05-18,17466,19966,230139,267639,8.0
68122ed83ede7b96a2f177ae,2025-05-19,11526,14026,241665,281665,8.0
68122ed83ede7b96a2f177ae,2025-05-20,14902,17402,256567,299067,7.0
68122ed83ede7b96a2f177ae,2025-05-21,12500,15000,269067,314067,7.0
68122ed83ede7b96a2f177ae,2025-05-22,14434,16934,283501,331001,7.0
68122ed83ede7b96a2f177ae,2025-05-23,12175,14675,295676,345676,7.0
68122ed83ede7b96a2f177ae,2025-05-24,8882,8882,304558,354558,7.0
68122ed83ede7b96a2f177ae,2025-05-25,8566,8566,313124,363124,7.0
68122ed83ede7b96a2f177ae,2025-05-27,16572,19072,329696,382196,7.0
68122ed83ede7b96a2f177ae,2025-05-28,7499,7499,337195,389695,7.0
68122ed83ede7b96a2f177ae,2025-05-29,14154,16654,351349,406349,7.0
68122ed83ede7b96a2f177ae,2025-05-30,14827,17327,366176,423676,7.0
68122ed83ede7b96a2f177ae,2025-05-31,13404,15904,379580,439580,7.0
68124f053e970112a4f18780,2025-05-01,6667,6667,6667,6667,15.0
68124f053e970112a4f18780,2025-05-02,7180,7180,13847,13847,17.0
68124f053e970112a4f18780,2025-05-03,11775,14275,25622,28122,15.0
68124f053e970112a4f18780,2025-05-04,16084,18584,41706,46706,16.0
68124f053e970112a4f18780,2025-05-05,11182,13682,52888,60388,14.0
68124f053e970112a4f18780,2025-05-06,5626,5626,58514,66014,16.0
68124f053e970112a4f18780,2025-05-07,8405,8405,66919,74419,16.0
68124f053e970112a4f18780,2025-05-08,10875,13375,77794,87794,16.0
68124f053e970112a4f18780,2025-05-10,8653,8653,86447,96447,19.0
68124f053e970112a4f18780,2025-05-11,10515,13015,96962,109462,16.0
68124f053e970112a4f18780,2025-05-12,7102,7102,104064,116564,18.0
68124f053e970112a4f18780,2025-05-13,8854,8854,112918,125418,18.0
68124f053e970112a4f18780,2025-05-14,11921,14421,124839,139839,14.0
68124f053e970112a4f18780,2025-05-15,11077,13577,135916,153416,17.0
68124f053e970112a4f18780,2025-05-16,13093,15593,149009,169009,15.0
68124f053e970112a4f18780,2025-05-17,20755,23255,169764,192264,17.0
68124f053e970112a4f18780,2025-05-18,16694,19194,186458,211458,16.0
68124f053e970112a4f18780,2025-05-19,6507,6507,192965,217965,16.0
68124f053e970112a4f18780,2025-05-21,10367,12867,203332,230832,16.0
68124f053e970112a4f18780,2025-05-22,9515,9515,212847,240347,18.0
68124f053e970112a4f18780,2025-05-23,9051,9051,221898,249398,18.0
68124f053e970112a4f18780,2025-05-24,14830,17330,236728,266728,18.0
68124f053e970112a4f18780,2025-05-25,5372,5372,242100,272100,16.0
68124f053e970112a4f18780,2025-05-27,11159,13659,253259,285759,18.0
68124f053e970112a4f18780,2025-05-28,6999,6999,260258,292758,18.0
68124f053e970112a4f18780,2025-05-29,10883,13383,271141,306141,18.0
68124f053e970112a4f18780,2025-05-30,11655,14155,282796,320296,16.0
68124f053e970112a4f18780,2025-05-31,11958,14458,294754,334754,17.0
68130ad167958fcab2ed8c9e,2025-05-01,2909,2909,2909,2909,16.0
68130ad167958fcab2ed8c9e,2025-05-02,15389,17889,18298,20798,14.0
68130ad167958fcab2ed8c9e,2025-05-03,19539,22039,37837,42837,10.0
68130ad167958fcab2ed8c9e,2025-05-05,13609,16109,51446,58946,16.0
68130ad167958fcab2ed8c9e,2025-05-06,11705,14205,63151,73151,13.0
68130ad167958fcab2ed8c9e,2025-05-07,6679,6679,69830,79830,15.0
68130ad167958fcab2ed8c9e,2025-05-08,26766,29266,96596,109096,10.0
68130ad167958fcab2ed8c9e,2025-05-09,10847,13347,107443,122443,10.0
68130ad167958fcab2ed8c9e,2025-05-10,7524,7524,114967,129967,11.0
68130ad167958fcab2ed8c9e,2025-05-11,10191,12691,125158,142658,11.0
68130ad167958fcab2ed8c9e,2025-05-12,14489,16989,139647,159647,11.0
68130ad167958fcab2ed8c9e,2025-05-13,13327,15827,152974,175474,10.0
68130ad167958fcab2ed8c9e,2025-05-14,15258,17758,168232,193232,10.0
68130ad167958fcab2ed8c9e,2025-05-15,2839,2839,171071,196071,9.0
68130ad167958fcab2ed8c9e,2025-05-16,13931,16431,185002,212502,9.0
68130ad167958fcab2ed8c9e,2025-05-17,2480,2480,187482,214982,10.0
68130ad167958fcab2ed8c9e,2025-05-18,24423,26923,211905,241905,10.0
68130ad167958fcab2ed8c9e,2025-05-19,10319,12819,222224,254724,10.0
68130ad167958fcab2ed8c9e,2025-05-20,8347,8347,230571,263071,9.0
68130ad167958fcab2ed8c9e,2025-05-21,15157,17657,245728,280728,9.0
68130ad167958fcab2ed8c9e,2025-05-22,9841,9841,255569,290569,10.0
68130ad167958fcab2ed8c9e,2025-05-23,3748,3748,259317,294317,11.0
68130ad167958fcab2ed8c9e,2025-05-24,27893,30393,287210,324710,9.0
68130ad167958fcab2ed8c9e,2025-05-25,6645,6645,293855,331355,10.0
68130ad167958fcab2ed8c9e,2025-05-27,10486,12986,304341,344341,11.0
68130ad167958fcab2ed8c9e,2025-05-28,12080,14580,316421,358921,11.0
68130ad167958fcab2ed8c9e,2025-05-29,10409,12909,326830,371830,11.0
68130ad167958fcab2ed8c9e,2025-05-30,2469,2469,329299,374299,11.0
68130ad167958fcab2ed8c9e,2025-05-31,20974,23474,350273,397773,10.0
